{
  "test_info": {
    "type": "FRER Latency Comparison Simulation",
    "samples": 1000,
    "timestamp": "2025-11-04T11:05:15.157841"
  },
  "path1": {
    "label": "Path 1 (Primary)",
    "count": 1000,
    "min": 0.15,
    "max": 0.8734088754982757,
    "avg": 0.40181877828224016,
    "median": 0.40276823432035025,
    "stddev": 0.14120362428775318,
    "p50": 0.40276823432035025,
    "p90": 0.576924117716313,
    "p95": 0.6429840745974288,
    "p99": 0.740764928210084,
    "p99_9": 0.8644701502805985,
    "jitter": 0.14120362428775318
  },
  "path2": {
    "label": "Secondary Path",
    "count": 1000,
    "min": 0.15,
    "max": 0.9523027972359963,
    "avg": 0.4509667980074501,
    "median": 0.45038814785125214,
    "stddev": 0.11758031430952821,
    "p50": 0.45038814785125214,
    "p90": 0.5958705024378144,
    "p95": 0.6370901848912107,
    "p99": 0.736752913978122,
    "p99_9": 0.8100408810870977,
    "jitter": 0.11758031430952821
  },
  "frer": {
    "label": "FRER (Min Selection)",
    "count": 1000,
    "min": 0.15,
    "max": 0.7356925251243126,
    "avg": 0.3506497412634021,
    "median": 0.35405466096380483,
    "stddev": 0.1093726056178343,
    "p50": 0.35405466096380483,
    "p90": 0.4915673333172134,
    "p95": 0.5264609131867193,
    "p99": 0.5887171462642768,
    "p99_9": 0.6942167956715625,
    "jitter": 0.1093726056178343
  },
  "improvements": {
    "avg_percent": 12.734356825627646,
    "p99_percent": 20.52578033266253,
    "jitter_percent": 22.54263573649621
  },
  "raw_data": {
    "path1_samples": [
      0.4920577657936586,
      0.36726998356788104,
      0.35816153995439604,
      0.5198237245540843,
      0.20556542522871493,
      0.21922693580198302,
      0.3994576764310955,
      0.23659418840882376,
      0.37837098913191564,
      0.4169421227401293,
      0.4084319263309427,
      0.2550986992734107,
      0.4629333039285892,
      0.36797579822302684,
      0.38084451427114074,
      0.3118162182216545,
      0.39706075517317796,
      0.41801424103462653,
      0.2546329162991379,
      0.3840395934790583,
      0.255898700870582,
      0.27143424622963025,
      0.7356925251243126,
      0.6577534979319322,
      0.455958644804216,
      0.15,
      0.4157215474687696,
      0.3392417652302754,
      0.6831794360116112,
      0.4239686722804776,
      0.4043771996423956,
      0.15,
      0.6987556080491226,
      0.4228570747294664,
      0.3926521095453939,
      0.3059663143973559,
      0.4288770877977747,
      0.471464727322686,
      0.49796300040508074,
      0.20288649966261607,
      0.37437704976651315,
      0.1953134904466475,
      0.4166371282938786,
      0.43277667477491066,
      0.4217968922439166,
      0.43490253018182845,
      0.5432569973811369,
      0.4130465730835971,
      0.19883919560119692,
      0.39354111413154913,
      0.3358689975088585,
      0.22091750586725437,
      0.5192040044768779,
      0.42693522666977773,
      0.2713857534267798,
      0.43264406766969443,
      0.3972309109751668,
      0.17760290218408656,
      0.4567500166571975,
      0.4177120535930625,
      0.4492777261782355,
      0.35656419723185107,
      0.5713818970760844,
      0.3760700527127004,
      0.7614026761047554,
      0.18876802003964338,
      0.37524019142091025,
      0.39008615959643284,
      0.3688164597980251,
      0.3071805385143196,
      0.3951854214443417,
      0.4390738050343569,
      0.475585238068101,
      0.38779323812960176,
      0.34784764565141535,
      0.41369827238777956,
      0.5619374040407883,
      0.4429422274923098,
      0.24173375350842477,
      0.6814123628483442,
      0.3477110716801311,
      0.3183991068638784,
      0.5756307045634698,
      0.38309322372239885,
      0.33961028983441127,
      0.15981987068785897,
      0.15,
      0.32143329327888576,
      0.47174945378954447,
      0.42252578383501077,
      0.3142514598856988,
      0.8734088754982757,
      0.5334819033446834,
      0.3549929325959504,
      0.46402358872031835,
      0.5341045131404634,
      0.5114949825329876,
      0.2705474309200693,
      0.4069074218036233,
      0.2012101208827598
    ],
    "path2_samples": [
      0.3754309741757367,
      0.5326545643814714,
      0.4876251928396491,
      0.2118406544100048,
      0.43893890998431506,
      0.3124977989435209,
      0.44016969294780733,
      0.43811453452416077,
      0.2818607036115093,
      0.3928503291887885,
      0.3410826561557523,
      0.4065579546331334,
      0.4285824667378573,
      0.4549551224058769,
      0.234066964379412,
      0.4435288389044812,
      0.3846046195103527,
      0.47307000383378717,
      0.48266517056692215,
      0.457117622957931,
      0.5228267689512103,
      0.2858060378296453,
      0.7699055410784756,
      0.4849763159962393,
      0.1678325735394839,
      0.5583392858278244,
      0.30911232243398035,
      0.3948327822058195,
      0.5749637398613883,
      0.5368445442916134,
      0.47970371803167616,
      0.44888612290283314,
      0.6332409580267431,
      0.387571959186301,
      0.3649980687712008,
      0.6738173873044228,
      0.4627190766405618,
      0.4049905494378349,
      0.59368209544778,
      0.47389133266666866,
      0.6497678056406785,
      0.37286283324259745,
      0.28728842084710676,
      0.4991733210203699,
      0.44883891642467183,
      0.40831099663957854,
      0.42326259180826387,
      0.15,
      0.5987835452603931,
      0.48133987223068686,
      0.421356186899028,
      0.5418865607561294,
      0.4417603714956906,
      0.48069117890128166,
      0.516144958515022,
      0.4330420180316279,
      0.48354139075661473,
      0.46465942755612255,
      0.4641303047655356,
      0.47672064716597956,
      0.19106182308618158,
      0.4066249414725206,
      0.559945380659218,
      0.32499457331157455,
      0.638047949414195,
      0.36102009903852217,
      0.39985719148079013,
      0.5775456707868087,
      0.4414325003332183,
      0.5120994025770933,
      0.3464763469817359,
      0.4896676501910653,
      0.4264032652050389,
      0.6484907687458229,
      0.24540052574996402,
      0.46973056142096464,
      0.6132071536500567,
      0.5577058612935848,
      0.627696448969246,
      0.5697429638908683,
      0.47474500253420426,
      0.45013733992872657,
      0.40188700436065183,
      0.4897872838621627,
      0.3960266635546553,
      0.46596216929159473,
      0.4421931904922899,
      0.6370397762321064,
      0.5335345890648129,
      0.27501573230583465,
      0.5059622023526319,
      0.6137447357759995,
      0.44887599074318907,
      0.21440111056131028,
      0.34283104768649086,
      0.3966283857383201,
      0.36163344472443604,
      0.5243015254463161,
      0.5693154259700355,
      0.4323259686863653
    ],